{"features":["jsc","Bun.stderr","Bun.stdin","Bun.stdout","abort_signal","bunfig","define","dotenv","external","extracted_packages","fetch","filesystem_router","git_dependencies","html_rewriter","http_server","https_server","lifecycle_scripts","loaders","lockfile_migration_from_package_lock","macros","shell","spawn","standalone_shell","transpiler_cache","tsconfig_paths","tsconfig","virtual_modules","WebSocket","no_avx","no_avx2","binlinks","standalone_executable","workers_spawned","workers_terminated"],"version":"1.1.29","is_canary":false,"revision":"6d43b366220099042f28c5fa5c66185fe2580539","generated_at":1726816506879}